Workbook
Name Factor: 2
Name Local: Calc!$A$1
Name Rate: Calc!$E$1

Sheet Calc
A1: 1 | B1: int literals and precedence | C1: =1+2*3 -> 7 | D1: =A1*2 -> 2 | E1: 0.25 | F1: {=SUM(A1:A5*2)} -> 30
A2: 2 | B2: parenthesised subexpression | C2: =(1+2)*3 -> 9 | D2: =A2*2 -> 4
A3: 3 | B3: float literal | C3: =1.5+2 -> 3.5 | D3: =A3*2 -> 6
A4: 4 | B4: unary minus | C4: =-A1 -> -1 | D4: =A4*2 -> 8
A5: 5 | B5: percent postfix | C5: =A1% -> 0.01 | D5: =A5*2 -> 10
B6: exponent | C6: =A2^3 -> 8
B7: string concatenation | C7: =A1&" x" -> 1 x
B8: string with doubled quote | C8: ="say ""hi""" -> say "hi"
B9: comparison | C9: =A1<=A2 -> TRUE
B10: not equal | C10: =A1<>A2 -> TRUE
B11: boolean literal | C11: =TRUE -> TRUE
B12: error literal | C12: =#N/A -> #N/A
B13: mixed absolute reference | C13: =$A$1+A$2+$A3 -> 6
B14: range argument | C14: =SUM(A1:A5) -> 15
B15: nested calls | C15: =SUM(A1:A5)/COUNT(A1:A5) -> 3
B16: multi-argument call | C16: =IF(A1>0,"pos","neg") -> pos
B17: argument list with a range | C17: =SUM(A1:A2,A4) -> 7
B18: zero-argument call | C18: =PI() -> 3.1415927
B19: cross-sheet range | C19: =SUM(Data!A1:B2) -> 100
B20: cross-sheet single cell | C20: =Data!$A$1 -> 10
B21: quoted sheet name | C21: ='Odd Name'!A1 -> 9
B22: three-dimensional span | C22: =SUM(Data:More!A1) -> 17
B23: whole column | C23: =SUM(A:A) -> 15
B24: whole row on another sheet | C24: =SUM(Data!2:2) -> 70
B25: defined name | C25: =Rate*A1 -> 0.25
B26: defined name holding constant | C26: =Factor*A2 -> 4
B27: sheet-scoped defined name | C27: =Local+1 -> 2
B28: range intersection | C28: =SUM(A1:A3 A2:A5) -> 5
B29: future function | C29: =_xlfn.TEXTJOIN(",",TRUE,A1:A3) -> 1,2,3
B30: parenthesised union | C30: =SUM((A1:A2,A4:A5)) -> 12
B31: array constant | C31: =SUM({1,2;3,4}) -> 10
B32: non-square array constant | C32: =SUM({1,2,3;4,5,6}) -> 21
B33: mixed-type array constant | C33: =COUNTA({"a",TRUE;#N/A,5}) -> 4
B34: omitted argument | C34: =IF(A1>0,,1) -> 0
B35: reference error | C35: =#REF!+1 -> #REF!

Sheet Data
A1: 10 | B1: 20
A2: 30 | B2: 40

Sheet More
A1: 7

Sheet Odd Name
A1: 9
